category,city,about,reference,country,company,zipcode,website,sector,address,employees,turnover,selection,dep_str,cgpa_criteria,criteria,profile,cgpa_cutoff,day,package,contract
"
Other
",Gurgaon,"The Firm offers a structured training and mentorship programme, excellent work-life balance and pay scales that are higher than industry benchmarks. The selected candidate will be responsible for closely working with a team of IPR attorneys providing best in class services to clients of repute. The primary work would include patent searches, drafting, filing, prosecution, freedom-to-operate opinions and allied matters. We look for good academic record, analytical skills and sound communication skills.","
Contacted by CDC
",India,Remfry & Sagar,122 009,www.remfry.com,"
Professional Services
","Remfry House at the Millennium PlazaSector 27,",Between 100 to 500,Between 100 to 500,Resume,IP,,,Associate,0.0,4,700000 INR  [The selected candidate will also be eligible for performance based bonus post completion of probation period (6 months) at the end of the year.],The Firm will sign a contract with the selected candidate.
"
Private
",Gurgaon,"- Patent searching and drafting;
- Preparing and filing Replies to Examination Reports from the Indian Patent Office;
- Reporting Examination Reports;
- Preparing opinions related to patentability of an invention;
- Handling client queries and correspondence;
- Reviewing forms, emails and reporting letters prepared by paralegals.","
Contacted by CDC
",India,Chadha & Chadha,122002,Chadha & Chadha,"
Professional Services
","Level 18, One Horizon Center, Golf Course Road, DLF Phase 5",Between 50 to 100,,"Resume,GD,Online/Offline test (Max 30 mins)",IP,,,Patent Associate,0.0,10,1000000 INR  [No other components],Probation Period for 6 Months
"
StartUp
",Mumbai,Attached in the email,"
Self
",India,Turtlemint,400099,www.turtlemint.com,"
IT/Software
","002, Ground Floor, Prime Corporate Park, Near ITC Maratha, Sahar Road, Andheri East, Mumbai - 400 099.",,,"Resume,Online/Offline test (Max 30 mins)",AT_AE_AG_AR_BS_BT_ET_CL_CH_CY_CE_CS_EE_EC_ES_GG_TE_HS_IM_MS_MA_ME_MT_MI_NA_PH_IP_ID_RT_MM_WM_RE,,.,Assistant Product Manager,0.0,,18L FIXED + 10% VARIABLE INR  [will share with offer letter],NA
"
Private
",Noida,"Patent drafting, patent prosecution, appeals, oppositions, revocations, search and analytics etc.","
Self
",India,Anand & Anand,201301,https://www.anandandanand.com/,"
Others
","First Channel Building Plot No. 17A, Sector 16A, Film City",,,Resume,IP,,,Associate,0.0,4,600000 INR  [600000],No
"
MNC
",Bangalore,"Roles and Responsibilities: ● Own development, design, scaling and maintenance of application and messaging engines that power the central platform of Capillary's Cloud CRM product. ● Contribute to overall design and roadmap. Required Skills: ● Innovative and self-motivated with passion to develop complex and scalable applications. ● Strong focus on algorithms and data structures. ● Strong coding and design skills with prior experience in developing scalable & high availability applications using Core Java/J2EE, Spring, Hibernate. ● Work experience with Relational databases is required (Primarily MySQL) ● Prior work experience with Non-Relational databases (primarily Redis, MongoDb) is an added plus. ● Strong Analytical and Problem Solving Skills.","
Self
",India,Capillary Technologies,560068,www.capillarytech.com,"
IT/Software
","Capillary Technologies 31/9, Krimson Square, 1st Floor Roopena Agrahara, Hosur Main Road ",Between 500 to 1000,,"Resume,Online/Offline test (Max 30 mins)",AT_AE_AG_AR_BT_CH_CY_CE_CS_EE_EC_ES_EV_GG_TE_HS_IM_MS_MA_ME_MT_MI_NS_NA_PH_EP_IP_ID_RT_WM_RE,,,Software Development Engineer,0.0,4,"1612782 INR  [Btech: 16,12,782 [1225829 (Fixed) + +86,953 (Benefits and others) + 100000
(Joining Bonus) + 20000 (Relocation Bonus) +
150000(Retention Bonus) + 1 Week Accommodation ]
MTech(Dual): 18,79,719
[13,42,469 (Fixed) +
87250 (Benefits and others) + 100000 (Joining Bonus) +
20000 (Relocation Bonus) + 150000(Retention Bonus) + 1
Week Accommodation]]]",NO
"
Private
",Hyderabad,"Engineering Development Group - India
About this Program
Would you like to join a team where you are given the flexibility to select, explore & contribute to collaborative technical projects instead of being assigned to any project?

Do you want to pursue a technical career path in an area that aligns with your long-term professional interests and subsequently transition to the area?

How about working with managers who are invested in your success and will coach you to develop your leadership skills?

If you are looking for one or more of the above, join the Engineering Development Group (EDG) to help kickstart your career.
EDG is a leadership development program within the MathWorks Development organization. It is designed to enable success of team members by empowering them to develop and demonstrate their skills for a rewarding career.

Below are a few of the focus areas in the Hyderabad and Bangalore locations.

Areas of focus for the Hyderabad EDG team include: Algorithm Development in Autonomous Systems and Communication Systems spanning Signal Processing, Wireless, Image Processing, Computer Vision,  Sensor Fusion, Radar and Lidar Processing, Automated Driving, Robotics/UAV, FPGA/HDL, Machine Learning, Deep Learning, Wireless Protocols (5G,WLAN, Bluetooth), SIMD Optimization, Embedded Software, Sensors/Hardware, Web & App Development, Automatic Code Generation, EM, RF, and Antennas.

Areas of focus for the Bangalore EDG team include: Software Engineering, Web Development, Machine Learning, Deep Learning, Algorithm Development, IoT, Code Infrastructure/Architecture, Code Coverage, Numeric Solvers, Embedded Targets, Automatic Code Generation, UAVs/Drones, Communication Protocols, Motor Control, Controls for Power Conversion, Hardware Platforms, System Software.

Responsibilities
This role consists of components that include tailored technical training, personalized Customer Experience Curriculum and contribution to collaborative project work with technical team(s) of your choice. More specifically, you will:

Explore, identify and transition to teams that match your professional interests and advance your career. Contribute by writing code or creating product demos via challenging technical projects with teams across Development and Customer-facing Engineering organizations.
Develop & demonstrate customer experience/perspective & problem-solving skills by working on complex technical issues in MATLAB, Simulink and our entire suite of products. Specialize & develop deeper technical skills in your domain.
Demonstrate proactive initiative, lead process improvement projects and coach & mentor others. Benefit from extensive learning opportunities through training, mentorship and knowledge sharing forums.
 

Qualifications
Bachelors (for our Undergraduate program) or Masters/Ph.D. (for our Graduate program) in Engineering or Computer Science
Strong academic record
Excellent communication and time management skills
Strong programming skills
A good understanding of Object Oriented methodologies
Experience with MATLAB is a plus","
Contacted by CDC
",India,MATHWORKS INDIA PVT LTD,500081,www.mathworks.com,"
IT/Software
","MathWorks India Pvt Ltd, Salarpuria Sattva Knowledge City, 2nd and 3rd Floors, Octave Block, Raidurg, Hyderabad  500 081",Between 100 to 500,,"Resume,GD,Online/Offline test (Max 30 mins)",AT_AE_AG_AR_BS_BT_ET_CH_CY_CE_CS_EE_EC_ES_EV_GG_TE_HS_IM_MS_MA_ME_MT_MI_NS_NA_PH_EP_IP_ID_MM_WM_RE,,,Engineer in Engineering Development Group,0.0,2,"1485000 INR  [1485000- 1800000 [Fixed-1290000]
Sign on Bonus : 150000 Relocation Bonus :20K]",No
"
MNC
",Gurgaon,"Position title:	Associate
Department:	Intellectual Property  Patents
Location:	Gurgaon
Type of Job:	Full-time

Reports to:	Consultant2/Program Manager
Cross Department collaboration with:	
   NA
Direct reports include:	NA

Overview
This position executes projects in diverse areas of technology and Patent Services. 
The role involves understanding project requirements and ensuring high quality deliverables for the clients. 

Role and responsibilities

1.	Client
a.	Ensuring high Quality delivery and TAT compliance; 100% compliance to client SLAs.
b.	Ensuring closure of any feedback received on the project
2.	Operations
a.	Meeting individual and project level targets
b.	Ensuring timely delivery of internal & external reports
c.	Executing various processes and standard operating procedures (SOPs)
3.	Misc.
a.	Displaying effective and responsive communication
b.	Participating in Learning and Development activities at various levels; supporting various BU wide initiatives (as required)
c.	Complying to all specific company policies to apply without exception, including but not limited to compulsory adherence of ISO/IEC 27001:2013 guidelines

   
 Qualification & attributes	
Experience 		
		In-depth knowledge of technical literature in the area of subject matter expertise

		Good knowledge of various Patent Services, including Prior Art Searching, Infringement Analysis, Patent Analytics, etc, as per the type of experience and exposure

		Knowledge of US Patent Law (35 USC § 101, 102, 112 etc.), as per the type of experience and exposure

		Ability to analyze complex issues and apply analytical thinking 
		Medium level of computer proficiency in MS Office suite of applications.
Education		B.E./B.Tech. in Electronics and Communication Engineering, Computer Science and Engineering, Information Technology or equivalent
Personal attributes		Must be well organized, dynamic, and action-orientated, which meets deadlines and makes it happen.
		Must have ability to build and maintain relationships, and work confidently with people at all levels
		Must possess an enthusiastic and approachable personality.
		Must be an excellent communicator (written and verbal) with the ability to earn trust and credibility.
		
		Must have ability to demonstrate a high degree of confidentiality
		Must be willing to accept responsibility","
Self
",India,UnitedLex Corporation,122010,UnitedLex Corporation,"
Core Engineering,IT/Software,Finance,Analytics
","15th floor, Building 6, Tower C, DLF Phase 3, Gurgaon",,,"GD,Online/Offline test (Max 30 mins)",IP,,,Associate,0.0,9,"1100000 INR  [Compensation Components				Annual (INR)
A	Base Pay			990,000
i)	Basic Salary			346,500
ii)	House Rent Allowance (HRA)			173,250
iii)	FBP/Special Allowance			428,670
iv)	Retirals - Employers Contribution to Provident (PF) @ 12% of basic			41,580
				
B	Variable Pay (Target)*			110,000
	Total Cost to Company 			1,100,000]",No
"
Private
",Navi Mumbai,"The Academic Consultant is responsible for taking Live Online lectures in the K  12 segment of US and India, creating, monitoring, improving the content as required by our education services department from time-to-time. The position requires excellent oratory skills, capability of educating in the K-12 segment, content review, content editing, and content writing skills of the subject of your choice. Along with it, time management and finishing skills; as well as working as part of a team and taking lead on specified elements of this project, would be expected. High level of comfort with MS Office and MathML required.","
Contacted by CDC
",India,Green Point Technology Services (India) Pvt Ltd - [Tomorrow's Genius],400614,www.tgcampus.com,"
Teaching / education
","Unit#T241, 4th Floor, Tower#10, International Technology Center, CBD Belapur Station Complex, CBD Belapur, Navi Mumbai - 400614",Between 100 to 500,Below 50,Resume,AT_AE_AG_AR_BS_BT_ET_CL_CH_CY_CE_CS_EE_EC_ES_EV_GG_TE_HS_IM_MS_MA_ME_MT_MI_NS_NA_PH_EP_IP_ID_RT_MM_WM_RE,,"Should have very good communication skills, ability to work in a team",Academic Consultant,0.0,10,700000 INR  [6 to 7 lacs],Bond of 1 year wherever applicable
"
MNC
",Chennai,"Products & Platforms: - Cloud Software Engineering.

An opportunity to be part of team building first of a kind platform, and setting the strategy for the rest of the organization. You will be part of a worldwide development organization, work in agile teams, actively developing solutions. You will have an opportunity to work on the next iteration of cloud native platforms with technologies like Kubernetes, Knative, event driven architectures, and high volume messaging systems. Be part of team building first of a kind platform, and setting the strategy for the rest of the organization. 
Experience or interest in the following areas:
	CNCF:  Kubernetes, Knative, and Cloud Events
	Deployment:  DockerHub, Helm
	Languages:  JavaScript (Node.js), Java, Python
	Open Source Communities and Contribution
	Streaming and Publish Subscribe Technologies
	Entrepreneurial principles
	Agile Development Practices & Tools
	Knowledge in Multithreading programming, Algorithm , Data structure , Collection.
	Excellent communication, collaboration, reporting, analytical and problem-solving skills .
	Knowledge and/or expertise of an object oriented (C++, Java, Python or any other)","
Self
",India,HCL Technologies,600058,www.hcltech.com,"
Core Engineering,IT/Software
","94, South Phase AMB-4, Ambattur Industrial Estate Rd, Ambattur, Chennai, Tamil Nadu 600058",>5000,,"Resume,Online/Offline test (Max 30 mins)",AE_AG_AR_BS_BT_ET_CL_CH_CY_CE_CS_EE_EC_ES_EV_GG_HS_IM_MS_MA_ME_MT_MI_NS_NA_PH_EP_IP_ID_RT_MM_WM_RE,,65% consistency in academics,Software Engineer - Products & Platforms,0.0,6,"850000 INR  [Basic- 17708
HRA- 8854
Other Comps - 32670
Monthly - 59232]",NO
"
Private
",Bangalore,"Designation: Associate  Content Development
TEAM: CONTENT

As an Associate  Content Development, you will be responsible for
●	Creation of pedagogically rich content and assessments across Math, Science, English and general aptitude.
●	Making videos, films, games, simulations, adaptive-learning-journeys driven by cutting-edge pedagogy.
●	Building great scripts & storyboards for effective multimedia communication of content.
●	Mentoring students across the globe through various channels.
●	Taking classes across major centres in Bangalore for grades 1 through 12.
●	Interacting with the tech and product teams to suggest product features, try different teaching strategies, request specific data points as feedback, and make sure the product aligns with our vision for education. 
●	Integrating all of the above creations into deployable formats.

If you believe you have what it takes to be a part of Indias fastest-growing in-house edutainment team, you could fit in easily. Every role is an interdependent, and sometimes, cross-functional one.
You are expected to
●	have a passion for education, along with strong subject knowledge
●	be able to map theoretical knowledge to practical applications
●	have impeccable communication skills - verbal and written; a keen intuition for        
language
●	be a creative thinker and a meticulous editor with great attention to detail
●	show adaptability and quick learning of new concepts and tools
●	Show demonstrated ability to multi-task and think creatively while meeting deadlines
●	be able to make learning easy for students from different backgrounds and of different cognitive abilities
●	be a self-driven quick learner
●	immerse yourself in new problems and quickly find solutions
●	ideate and implement effective pedagogy and different teaching methodologies
●	be kind, collaborative, and a team player who people love working with 
●	have the ability to manage schedules and prioritize own work and that of others
●	have prior writing experience. Prior teaching experience is a plus.","
Self
",India,BYJU'S - The Learning App,560029,byjus.com,"
Teaching / education
","2nd Floor, Tower D, IBC, 4/1",>5000,,Online/Offline test (Max 30 mins),AT_AE_AG_AR_BT_ET_CH_CY_CE_CS_EE_EC_ES_GG_TE_HS_IM_MS_MA_ME_MT_MI_NS_NA_PH_EP_IP_ID_RT_MM_WM_RE,,,Associate - Content Development,0.0,9,800000 INR  [800000 INR [CTC = 700000 LPA (Gross) + 100000 LPA(Variable)]],NO
"
Private
",Bangalore,"Associate Business Analyst - Business Development
 
We invite you to be a part of an organization that has a high focus on Impact and ownership, an organization which allows for freedom to each to experiment and innovate.

It's a moment of great pride when you see the impact of what you have created, when your ideas come to life and significantly contribute to an increase in business and revenue

It's even more gratifying to know that the impact is visible to your wide network of family and friends across the country. 

There are multiple roles on offer for ABAs  within the  - Business Development Team
including:

Customer Understanding
 Be the voice of the customer internally
 Understand needs - even those that the customers themselves may not realize
 Stay on top of changing trends and strategic priorities through in-depth data analysis to predict customer behavior

Pricing
 Develop the right pricing policy - identify opportunities for giving customers value through intelligent and
limited discounting.
 Use discounting to drive portfolio mix and achieve strategic goals

Merchandising
 Develop and execute plans to showcase the right products
 Identify cross-selling and upselling opportunities
 Own the customer experience in the category - make navigation, discovery easier. Save the customer time
 Identify the parameters customers use to make decisions and ensure catalog richness

Marketing
 Work with marketing to identify the best RoI initiatives to build awareness and encourage trial across
channels  SEM, SEO, TV Commercials, etc.
 Understand SEM, SEO and E-mail marketing  identify the right keywords, reduce SEM costs while
increasing conversions of website visits to orders

Promotions
 Create promotions to drive revenue, margins, etc.
 Own both creation and execution of promotions calendar including special occasions (Diwali, Valentines day, etc.)

Catalogue
 Own catalogue content creation  lead catalogue photoshoot & content creation, drive this via internal catalogue & marketing teams
 Drive better conversions through catalogue improvement & enhancement basis customer insights

Operations
 Work with internal sourcing, quality & design team to track key project milestones, ensure processes are
followed for review & reporting of the same
 Work with buying and sourcing teams to plan inventory & inwarding as per requirement, ensure inventory
sufficiency & reduce non-selling inventory


Your Array:

Exceptional problem solving and analytical skills.
Strong mathematical, quantitative and statistical orientation.
Strong understanding of classical as well as contemporary statistical modelling and machine learning techniques
Exceptional Business acumen
Good written and verbal communication skills.
Ability to multitask and work on a diverse range of requirements.
Technical capabilities:  SQL, Hive, Excel, R, Python, Spark, etc. (Good To have - Not Mandatory)","
Contacted by CDC
",India,Flipkart,560037,www.flipkart.com,"
IT/Software,Ecommerce
",Flipkart Tower 5A - Embassy Tech Village,>5000,>5000,"Resume,GD",AT_AE_AG_AR_BS_BT_ET_CL_CH_CY_CE_CS_EE_EC_ES_EV_GG_TE_HS_IM_MS_MA_ME_MT_MI_NS_NA_PH_EP_IP_ID_RT_MM_WM_RE,,"Benefits Include - Flight Ticket to Bangalore + 15 Days Hotel Accommodation, 12,000 Mobile Reimbursement & 12,000 Broadband Reimbursement + Upto 40,000 INR Relocation Reimbursement for Goods",Associate Business Analyst (Business Development),0.0,,"900000 INR  [CTC: 13,40,000 = 9,00,000 Base + 90,000 Variable + 2,00,000 Joining Bonus + 1,50,000 Benefits]",NO
"
StartUp
",Bangalore,"Job Description :

We are looking for a passionate hands-on engineer to join the Bangalore Swiggy Engineering team. In this role, you will be responsible to drive innovation in full-stack product development, while relentlessly improving performance, scalability, and maintainability.
 
Required Skill Set:
 
Good problem-solving skills
Sound knowledge and application of algorithms and data structures with space and time complexities
Strong design skills involving data modeling and low-level class design
Good knowledge of object-oriented programming and design patterns
Proficiency in at least one programming language
Follow industry coding standards and responsible for writing maintainable/scalable/efficient code to solve business problems
Hands-on experience of working with Databases and Linux/Unix platform
Follow SDLC in an agile environment and collaborate with multiple cross-functional teams to drive on-time deliveries
Strong technical aptitude and good knowledge of CS fundamentals
B Tech/M Tech from IIT KGP","
Self
",India,Swiggy,560029,https://www.swiggy.com/,"
Ecommerce
","4/1 Bannerghatta Main Road 9th Floor Tower D IBC Towers, Bhavani Nagar, S.G. Palya, Bangalore, Karnataka 560029",>5000,,"Resume,Online/Offline test (Max 30 mins)",AT_AE_AG_AR_BT_ET_CL_CH_CY_CE_CS_EE_EC_ES_EV_GG_TE_HS_IM_MS_MA_ME_MT_MI_NA_PH_EP_IP_ID_RT_WM_RE,,,Software Development Engineer-1,0.0,,"2920000 INR  [Fixed: 1800000, 100000 Joining bonus
100000 Retention bonus
ESOPs worth 9,20,000/- as per prevailing FMV at the time of your joining.]",NO
"
StartUp
",Bangalore,"What you need to have
Bachelor's degree in Business Administration, Engineering, Economics, Finance, Mathematics, Statistics, or a related quantitative field
1-3 years of experience in analytics/data science or related field
Hands-on experience on data manipulation tools like SQL, R, SAS, Python, Excel etc.
Exposure to BI Platforms like Power BI, Tableau etc.
Knowledge of basic statistical measurement frameworks (measures of central tendency, dispersion, distribution, significance testing etc.)
Basic knowledge of machine learning techniques for Regression, Classification etc.

What we expect from you 
Creative thinking to solve real-world problems
Fail fast, learn faster approach
Comfortable in a high-energy, fast-paced environment
Proficient verbal and written communication skills
Detail-oriented with the ability to self-direct work in an unstructured environment
Excellent partnership and collaboration skills with the ability to work cross-functionally
Good organizational skills including prioritizing, scheduling, time management, and meeting deadlines.

What will you work on
Work with large, complex data sets to solve business problems, applying advanced analytical methods as needed
Monitor and forecast key business metrics on a regular basis
Conduct regular planning and reviews key performance metrics and aid in benefitting from change
Identify the right metrics to track progress against a given business goal
Design, run and measure experiments to test business hypotheses Expedite root cause analyses/insight generation against a given recurring use case through automation/self-serve platforms
Develop compelling stories with business insights, focusing on strategic goals of the organisation
Work with Business, Product and Data engineering teams for continuous improvement of data accuracy through feedback and scoping on instrumentation quality and completeness","
Self
",India,Swiggy,560029,https://www.swiggy.com/,"
Ecommerce
","4/1 Bannerghatta Main Road 9th Floor Tower D IBC Towers, Bhavani Nagar, S.G. Palya, Bangalore, Karnataka 560029",>5000,,Online/Offline test (Max 30 mins),AT_AE_AG_AR_BT_ET_CL_CH_CY_CE_CS_EE_EC_ES_EV_GG_TE_HS_IM_MS_MA_ME_MT_MI_NA_PH_EP_IP_ID_RT_WM_RE,,,Business Analayst,0.0,3,1100000 INR  [11 LPA (1000000 fixed + 1 LPA Joining Bonus)],NO
"
Private
",Hyderabad,"Coordinate between Data Scientists and Business Analysts
Automate infrastructure used by the Data Science team
Convert machine learning models into APIs so that other applications can access them
Test and deploy models
Develop minimum viable products based on machine learning
Automate processes by utilizing machine learning
Use AI to empower the company with novel capabilities","
Contacted by CDC
",India,Uniworks Designs Pvt. Ltd,500081,www.uniworksdesigns.com,"
Professional Services
","Uniworks Designs 1st floor Lamba Trendz Unity, Madhapur",Between 50 to 100,Below 50,Resume,AT_AE_AG_AR_BT_ET_CL_CH_CY_CE_CS_EE_EC_ES_EV_GG_TE_HS_IM_MS_MA_ME_MT_MI_NA_EP_IP_ID_RT_RE,,,software development and machine learning,0.0,8,700000 INR  [700000],NO
"
Private
",Hyderabad,"We at Uniworks Designs are looking to hire a senior architect/interior for our Hyderabad & Delhi office with an experienced who can handle our residential and commercial portfolio with a keen eye for detailing.

Key skills required

Excellent at conceptual design and detailing along with team management
Should have architectural and interiors exposure.
Able to handle clients and project team without any hassles
Minimum experience : 2years  6years
Good knowledge of softwares like autocad, google sketchup, Revit and MS office","
Contacted by CDC
",India,Uniworks Designs Pvt. Ltd,500081,www.uniworksdesigns.com,"
Professional Services
","Uniworks Designs 1st floor Lamba Trendz Unity, Madhapur",Between 50 to 100,Below 50,Resume,AT_AE_AG_AR_BT_ET_CL_CH_CY_CE_CS_EE_EC_ES_EV_GG_TE_HS_IM_MS_MA_ME_MT_MI_NA_EP_IP_ID_RT_WM_RE,,,Architect,0.0,,700000 INR  [700000],No
"
Private
",Hyderabad,"We at Uniworks Designs are looking to hire a Project Manager for our Hyderabad & Delhi office with an experienced who can handle our residential and commercial portfolio with a keen eye for detailing.

Project Manager top skills & proficiencies:

Developing and Tracking Budgets
Coaching
Supervision
Staffing
Project Management
Management
Process Improvement
Planning
Performance Management
Inventory Control
Verbal Communication
Requirements:

Excellent client-facing and internal communication skills
Excellent written and verbal communication skills
Solid organizational skills including attention to detail and multitasking skills","
Contacted by CDC
",India,Uniworks Designs Pvt. Ltd,500081,www.uniworksdesigns.com,"
Professional Services
","Uniworks Designs 1st floor Lamba Trendz Unity, Madhapur",Between 50 to 100,Below 50,Resume,AT_AE_AG_AR_BT_ET_CL_CH_CY_CE_CS_EE_EC_ES_EV_GG_TE_HS_IM_MS_MA_ME_MT_MI_NA_EP_IP_ID_RT_WM_RE,,,Project Analyst,0.0,,700000 INR  [700000],No
"
Private
",Tokyo,"Our infrastructure is growing by 30% annually due to service growth and diversification. A wide variety of applications are being deployed on the infrastructure every day and there are more than 2,100 developers in over 10 locations worldwide.
With this scale of infrastructure and developers, learning and operating cost is too high for developers to deploy their applications with awareness of the infrastructure and its configuration.We, infrastructure software engineers, are responsible for building and operating the platform which enables it to connect applications and infrastructure seamlessly using software techniques and methods. In this position, You'll be responsible for OpenStack and its middleware of our private cloud platform ""Verda"".","
Contacted by CDC
",Japan,LINE Corp,160-0022,https://linecorp.com/en/,"
IT/Software
",JR Shinjuku Miraina Tower 23rd F+. 4-1-6 Shinjuku,>5000,Between 50 to 100,Online/Offline test (Max 30 mins),AT_AE_AG_AR_BS_BT_ET_CL_CH_CY_CE_CS_EE_EC_ES_EV_GG_TE_HS_IM_MS_MA_ME_MT_MI_NS_NA_PH_EP_IP_ID_RT_MM_WM_RE,,"Experience operating or integrating OpenStack or Kubernetes  
/ Ability to troubleshoot OSS with code-level  / Experience customizing OSS for company business requirements/ Experience of contributing OSS  / Experience operating or developing a distributed system  / Experience making presentations in tech conferences",Infrastructure Software Engineer,0.0,2,"6500000 JPY  [- Flight Ticket allowance (JPY200,000~400,000)
- Relocation allowance (JPY200,000~400,000)
- Fully furnished appartment (Up to 2months)
- Private Assistant who supports your registration process at city hall]",NO
"
Private
",Hyderabad,We are interested in students who want to pursue a career in software development. This will require them to have top-notch analytical and a passion for coding,"
Self
",India,ZeMoSO Technologies Pvt Ltd,500008,https://www.zemosolabs.com/,"
IT/Software
","8th Floor, MJR Magnifique, Near Raidurg Police station, Gachibowli road, Hyderabad500008",Between 100 to 500,,"Resume,Online/Offline test (Max 30 mins)",AE_AG_AR_BS_BT_ET_CH_CY_CE_CS_EE_EC_EV_GG_HS_IM_MA_ME_MT_MI_NS_NA_PH_EP_IP_ID_MM,,,Software Engineer,0.0,10,900000 INR  [(736000+ 164000],No
"
MNC
",Hyderabad,"OnePlus creates some of the worlds most cutting-edge software products, and we want you to be a part of our team.

Roles & responsibilities:
- Develop and implement new software programs in the Domains like: Android platform, Kernel, Network and Applications
- Maintain and improve the performance of existing software modules
- Clearly and regularly communicate with management and technical support colleagues
- Test and maintain software products to ensure strong functionality and optimization
- Recommend improvements to existing software programs as necessary

This is a fantastic opportunity to engage in a positive and creative work environment that offers excellent benefits and flexible schedules.

Please refer to the attached document for the job profiles.","
Self
",India,OnePlus,500032,https://www.oneplus.in/,"
Core Engineering,IT/Software,Telecommunication,Automobile
","Redbrick Primea, 10 & 11, Phoenix Primea, Road No - 2, Financial District, Nanakram Guda, Hyderabad - 500032",Between 1000 to 5000,,Online/Offline test (Max 30 mins),AT_AE_AG_BS_BT_CL_CH_CE_CS_EE_EC_ES_GG_TE_HS_IM_MS_MA_ME_MT_MI_NA_PH_EP_IP_ID_RT_MM_WM_RE,,,Software Engineer I,0.0,2,2500000 INR  [2500000 - fixed],NO
"
Private
",Hyderabad,"TEACHING SYLLABUS PRESCRIBED BY THE BOARDS AND COACHING STUDENTS FOR THE NATIONAL LEVEL COMPETITIVE / ENTRANCE EXAMINATIONS LIKE JEE MAIN/JEE ADVANCED  MATHS , PHYSICS AND CHEMISTRY SUBJECTS.","
Self
",India,SRI CHAITANYA EDUCATIONAL INSTITUTIONS,500081,WWW.SRICHAITANYA.NET,"
Others
","304, KASETTY HEIGHTS, AYYAPPA SOCIETY MAIN ROAD , MADHAPUR",>5000,Between 1000 to 5000,"Resume,GD,Online/Offline test (Max 30 mins)",AT_AE_AG_AR_BS_BT_ET_CL_CH_CY_CE_CS_EE_EC_ES_EV_GG_TE_HS_IM_MS_MA_ME_MT_MI_NS_NA_PH_EP_IP_ID_RT_MM_WM_RE,,NIL,SENIOR/ASSOCIATED LECTURER IN MATHS/PHYSICS/CHEMISTRY,0.0,8,540000 INR  [420000 TAKE HOME+120000 IN THE FORM OF BACHELOR ACCOMMIDATION WITH FOOD],it's just a mutual understanding
"
StartUp
",Bangalore,"Conduct research to identify market gaps and customer needs
Research and analyse competition
Come up with product enhancements to improve customer experience
Help define and monitor the quality control criteria for products
Work with engineering teams to ensure timely and flawless product releases
Define success criteria for products
Monitor and analyse product success metrics using online tools","
Self
",India,Embibe.com (Indiavidual Learning),560095,embibe.com,"
Teaching / education
","Sony World Signal, SJR Koramangala, Plot 36, 1st floor, 100 Feet Rd, Venkappa Garden, Koramangala, Bangalore, Karnataka 560095",,,"Resume,GD,Online/Offline test (Max 30 mins)",AT_AE_AG_AR_BS_BT_ET_CL_CH_CY_CE_CS_EE_EC_ES_EV_GG_TE_HS_IM_MS_MA_ME_MT_MI_NS_NA_PH_EP_IP_ID_RT_MM_WM_RE,,"Relocation allowance post applicable taxes, will be remitted along with 1st month salary payout. If employee quits the organization within a year , complete remitted amount will be recovered.",Associate Product Manager,0.0,3,1350000 INR  [1770000 (Fixed- 1350000 + Variable- 270000 + Relocation Allowance (one time) 150000)],NO
"
StartUp
",Bangalore,"Embibe is Indias leading edtech platform powered by AI. We deliver personalised learning and predictable learning outcomes for each aspiring individual. We have built world class products that enable, better education delivery and personalised guidance, across each stakeholder - the student, the educator/educational institutions and the parent. 

 We've assembled an amazing team thats passionate about creating more opportunities for people by changing the way students learn. We are ambitious, data-driven givers, and we love impacting learning outcomes positively. If you're interested in scaling Embibe by helping students, education organisations to drive holistic development of a students learning process and outcomes.

We are on a journey to enable a quarter of Indias population to excel in education: 300 million learners across 1.5 M institutions, including vernacular users. In our quest of discovering what matters in education, we have touched the lives of over 18 million students across different strata of society.

WHAT YOULL LOVE TO DO:
 Derive product and business insights from data analysis
 Leverage your analytics and data based decision process to help and influence our product roadmap and strategy
 Transform business needs into data collection and data analytics processes
 Work with the engineering team to validate, implement and monitor our logging and metrics
 Design, drive and evaluate A/B experiments to test new product ideas
 Own the ideation, development, and maintenance of ongoing reports, dashboards, etc.
 Empower and guide others to work effectively and efficiently to create a data-informed culture

WHAT YOUVE ALREADY DONE:
 Excited to work as part of the team which builds value for users of the platform in the B2C and B2B space, access to create impact on business, product metrics and user experience.
 Proficiency in SQL is essential but not mandatory; Working knowledge of Tableau, Python and R is a plus. 
 Understanding of applied mathematics, statistical analysis, experiment design, and common pitfalls of data analysis
 You are a team player: Assertive working with multiple teams across different locations
 You take initiative: Ability to prioritise, handle multiple projects at the same time
 You are a strong communicator: Excellent written and oral communication skills
 You are a critical thinker: Structured, analytical and detail oriented with an affinity for numbers 

PERKS & BENEFITS.
As if working alongside the smartest brains wasnt enough!
We have a full package of competitive benefits and perks available for you and your dependents:
 Insurance to all Employees (term life, personal accident, medical, gratuity) along with insurance to their dependents(medical). 
 Our pantry is stocked with healthy snacks, fruits, Coffee and free catered dinner if you are working late
  The satisfaction of seeing your users learn, leap and succeed","
Self
",India,Embibe.com (Indiavidual Learning),560095,embibe.com,"
Teaching / education
","Sony World Signal, SJR Koramangala, Plot 36, 1st floor, 100 Feet Rd, Venkappa Garden, Koramangala, Bangalore, Karnataka 560095",,,Resume,AG_BT_HS_IM_EP_IP_WM,,,PRODUCT ANALYST,0.0,,1000000 INR  [10 LPA FIXED + 2 LACS.],no
